{
  "pocketCount": 2,
  "pockets": [
    {"id":1,"x":52.591535,"y":3.776575,"z":-4.348280,"taught":true,"tool":1},
    {"id":2,"x":52.591400,"y":6.365160,"z":-4.300430,"taught":true,"tool":2},
    {"id":3,"x":-1.0000,"y":-1.0000,"z":-1.0000,"taught":false,"tool":3}
  ]
}