{
  "pocketCount": 3,
  "pockets": [
    {"id":1,"x":52.553411,"y":3.521920,"z":-4.269990,"taught":true,"tool":1},
    {"id":2,"x":52.553411,"y":6.121920,"z":-4.269990,"taught":true,"tool":2},
    {"id":3,"x":-1.000000,"y":-1.000000,"z":-1.000000,"taught":false,"tool":3}
  ]
}